"","logFC","AveExpr","t","P.Value","adj.P.Val","B","significant","GeneSymbol","EntrezID"
"100157427_TGI_at",-3.66415782614482,-6.14881063892773,-15.7422585109647,2.95935448341893e-40,1.1121846019585e-35,79.3016731382261,"Yes","PLP1",5354
"100125437_TGI_at",-5.46400549524695,-4.68729905813164,-11.5449087391764,2.08977716870648e-25,2.61793351847757e-21,46.5046717209435,"Yes","CLEC4M",10332
"100143103_TGI_at",-3.28489191491322,-3.01573800022573,-11.3217226985701,1.19401047509807e-24,1.12183254187839e-20,44.8282436640616,"Yes","DBH",1621
"100148175_TGI_at",-2.34521386592288,-6.03950795797006,-11.2329476178823,2.38040328039262e-24,1.78920632167431e-20,44.1645199505506,"Yes","SLITRK6",84189
"100142211_TGI_at",4.1773697312629,1.61314461242132,10.6542211732397,2.034601741112e-22,1.27440671057452e-18,39.8847490534467,"Yes","PTTG1",9232
"100139036_TGI_at",4.00483321125761,0.131275848862129,10.108455809511,1.23703084840958e-20,6.6414419064184e-17,35.9321689216617,"Yes","NDC80",10403
"100130173_TGI_at",-3.01340880066389,-3.68514029155456,-9.81058200982242,1.11858709071627e-19,4.2038740043299e-16,33.8133803240973,"Yes","CLEC4G",339390
"100136733_TGI_at",-3.43624907124754,-5.38829608197764,-9.76811017208635,1.52740828266325e-19,5.21845982536819e-16,33.5136511368578,"Yes","CCBE1",147372
"100145874_TGI_at",4.44946590341405,-0.135251624819278,9.55733166732975,7.0999117598953e-19,1.90592059828847e-15,32.0353072751539,"Yes","ANLN",54443
"100149880_TGI_at",4.04727512199798,-0.494094818521224,9.5430768882608,7.87283320064503e-19,1.97251211564428e-15,31.9358889008986,"Yes","MND1",84057
"100162823_TGI_at",-3.13004549389632,-4.31638696612184,-9.44255005335906,1.62815458548338e-18,3.82433160197727e-15,31.2368420847155,"Yes","MT1JP",4498
"100160380_TGI_at",4.99248850655563,-0.618290062237267,9.38723441933,2.42459984241618e-18,5.06229507098249e-15,30.8537495633834,"Yes","ASPM",259266
"100148143_TGI_at",4.53791993529154,0.699643594510465,9.33200965220152,3.60412173892064e-18,7.12895279958503e-15,30.4724103369217,"Yes","TOP2A",7153
"100160970_TGI_at",4.0574089928862,-0.953806367796767,9.17607864261366,1.09686320064897e-17,2.06111564033947e-14,29.4018515086952,"Yes","CDCA8",55143
"100137540_TGI_at",2.97232882999567,-0.636628148705685,9.06689185761977,2.37759253316724e-17,4.06157648097688e-14,28.6577765103749,"Yes","CKAP2",26586
"100124706_TGI_at",5.07398455089784,0.789104328499915,9.04732655511548,2.72975624877754e-17,4.46042171050249e-14,28.5249381385416,"Yes","TOP2A",7153
"100133144_TGI_at",-3.51859196683045,-2.16668141775908,-9.02438138456447,3.20912902633757e-17,5.02522862782577e-14,28.3693451985504,"Yes","PTH1R",5745
"100138076_TGI_at",3.84437190415796,1.01245709336066,9.00169754299515,3.76494768397514e-17,5.65977055436615e-14,28.2157300700751,"Yes","UBE2T",29089
"100144880_TGI_at",2.5458565984113,0.452027229450482,8.97274860976006,4.61485598637179e-17,6.67059683383941e-14,28.0199862993879,"Yes","RACGAP1",29127
"100155800_TGI_at",4.40166372836474,1.14544378666442,8.96037166809064,5.03393009329781e-17,7.00685780615994e-14,27.9363998590287,"Yes","UBE2C",11065
"100129151_TGI_at",3.80243599257939,0.0159886278531637,8.80256861964789,1.51627382486489e-16,1.89948676286908e-13,26.876154231471,"Yes","HMMR",3161
"100151603_TGI_at",3.81194689251344,0.147521416750455,8.70016824815479,3.08374996785297e-16,3.73849971909194e-13,26.1936662965648,"Yes","PRC1",9055
"100146395_TGI_at",4.17885116626699,-0.368125524429906,8.64563342575767,4.49230490028799e-16,5.27593133633197e-13,25.8320071828114,"Yes","CEP55",55165
"100160738_TGI_at",-4.81118511422844,-3.8990925987571,-8.58287093196459,6.91531608846941e-16,7.64386497755463e-13,25.4173638472095,"Yes","STAB2",55576
"100156128_TGI_at",4.73244912879589,-1.03322051442591,8.36259536069763,3.09948680777144e-15,3.14824089755855e-12,23.9757722242641,"Yes","PBK",55872
"100129234_TGI_at",-2.87952449328894,-5.10767276364254,-8.30694578455043,4.51190734858718e-15,4.46227636775272e-12,23.6150136915636,"Yes","CCBE1",147372
"100163016_TGI_at",4.60675170736299,0.0759624436763814,8.30101685146793,4.69566503526822e-15,4.52493547065257e-12,23.5766615373819,"Yes","SKA1",220134
"100149037_TGI_at",-4.94130330962132,-4.40811647570999,-8.29351049519938,4.93897079369348e-15,4.64041000921471e-12,23.5281286861296,"Yes","SLITRK3",22865
"100148028_TGI_at",-3.10838335368749,-5.60081116504429,-8.24650327650464,6.7728029229078e-15,6.20818242557856e-12,23.2247892787757,"Yes","HHIP",64399
"100159789_TGI_at",2.49096817712446,-0.661220826577586,8.21781536140342,8.20800427936483e-15,7.15615141487231e-12,23.0401666813004,"Yes","CCDC99",54908
"100133116_TGI_at",4.37896011851778,-1.22613976012555,8.21474799308979,8.37823059588052e-15,7.15615141487231e-12,23.0204490800049,"Yes","DLGAP5",9787
"100157409_TGI_at",-2.06280889820258,-5.7488539289647,-8.1783531706266,1.06851300515199e-14,8.92374572436047e-12,22.7868313159757,"Yes","LGI1",9211
"100141325_TGI_at",-3.34093878587806,-4.31925861420671,-8.09082987112801,1.9128261252897e-14,1.56277894436169e-11,22.2275684009565,"Yes","PRIMA1",145270
"100160200_TGI_at",3.71175141303303,1.06714789820722,8.06759639738787,2.23120663157794e-14,1.78411080059494e-11,22.0797192913171,"Yes","RRM2",6241
"100125746_TGI_at",4.08911266057735,-0.288368285197625,8.03990616288621,2.67967597605733e-14,2.09807463608722e-11,21.9038460188805,"Yes","DTL",51514
"100131089_TGI_at",4.16599270907868,-0.399896327863897,8.033541265143,2.79475116868544e-14,2.1435171106436e-11,21.8634716383631,"Yes","KIF4A",24137
"100121735_TGI_at",4.29321456150628,-0.973940359688549,7.92855420034258,5.57582951436685e-14,4.02982355401798e-11,21.2003352103401,"Yes","NEK2",4751
"100160299_TGI_at",3.66333814387969,-0.0871787926112058,7.86198718669978,8.61546205927304e-14,6.10917537946414e-11,20.7826643152832,"Yes","CDKN3",1033
"100154829_TGI_at",3.64458291578542,-1.07065568578653,7.84736327002656,9.47685036333773e-14,6.59553685842516e-11,20.6912007095286,"Yes","MELK",9833
"100127005_TGI_at",-5.23656044780116,-3.24318255239227,-7.83105269639323,1.05382313638844e-13,7.20086929304554e-11,20.5893134575994,"Yes","CLEC1B",51266
"100130187_TGI_at",-4.10972913718878,-4.21451863418155,-7.82794129870993,1.07536490058667e-13,7.21685065961573e-11,20.5698925344765,"Yes","COLEC10",10584
"100143890_TGI_at",-4.42054183736201,-4.43772628355181,-7.77705622301382,1.49616515065723e-13,9.86471555999999e-11,20.2529615571317,"Yes","BMPER",168667
"100139380_TGI_at",2.30308977714368,2.28189695848435,7.74765423463044,1.80963772369789e-13,1.17258284365541e-10,20.0704280406154,"Yes","GMNN",51053
"100126976_TGI_at",4.25902302764652,-1.86271230111448,7.72853680050971,2.04740681349793e-13,1.30416343838779e-10,19.951977427765,"Yes","TTK",7272
"100138738_TGI_at",4.20878258475906,-2.18912943081215,7.71531849163869,2.22959420249731e-13,1.39654348863757e-10,19.8701858322692,"Yes","BUB1",699
"100147649_TGI_at",3.77538420213511,-0.493095434370167,7.708382135471,2.33151137552489e-13,1.43644033631109e-10,19.8273009096487,"Yes","KIF20A",10112
"100123926_TGI_at",4.24861997041615,-1.30355715555995,7.69994268823264,2.46173479054019e-13,1.49220833706583e-10,19.7751559529477,"Yes","SPC25",57405
"100141271_TGI_at",-3.09009673851221,-1.89886361039006,-7.64753119572167,3.44723454088675e-13,2.05641219866041e-10,19.4521349023316,"Yes","IGFALS",3483
"100153632_TGI_at",3.44932025413524,-1.56131575387784,7.63586629198217,3.7147735575189e-13,2.1813846849793e-10,19.3804338207669,"Yes","RAD51AP1",10635
"100128580_TGI_at",-2.75259965152043,-3.77386015044366,-7.60072167223286,4.65102213425229e-13,2.68914944383799e-10,19.1648334862807,"Yes","PCDH9",5101
"100160426_TGI_at",3.00057178942804,2.15673621953241,7.54903394192154,6.46553850598026e-13,3.62668459898134e-10,18.8489109339563,"Yes","SQLE",6713
"100124924_TGI_at",-2.93013654160766,-4.03738058220106,-7.51673707235244,7.93749037542207e-13,4.33936426787109e-10,18.6522162685891,"Yes","",100131077
"100127504_TGI_at",3.46138329233358,-0.690484228240993,7.51615177928677,7.96700905973885e-13,4.33936426787109e-10,18.6486567609511,"Yes","CDK1",983
"100147686_TGI_at",-2.52064764876079,-4.49769250080929,-7.51119287794492,8.22149278465887e-13,4.41400202618642e-10,18.6185060248977,"Yes","MTUS2",23281
"100138911_TGI_at",-2.88627804204688,-5.19356895645027,-7.50606744617155,8.49295227429815e-13,4.49552299116441e-10,18.5873563595795,"Yes","NTRK2",4915
"100149178_TGI_at",-2.61715808617209,-5.15436913908376,-7.48351514900894,9.79632346277668e-13,5.11340872747324e-10,18.4504599125067,"Yes","LRRC55",219527
"100143880_TGI_at",2.87005752116814,1.43010485064153,7.46460553886249,1.10398197525961e-12,5.68354117728859e-10,18.3358823707473,"Yes","AURKA",6790
"100150836_TGI_at",3.80506781148111,-1.75924336643819,7.40048277346867,1.65323213429755e-12,8.17523290410139e-10,17.9487631722785,"Yes","ORC6L",23594
"100126278_TGI_at",4.02377912802072,-0.443175538863557,7.39666994190416,1.69329061374749e-12,8.26457764231924e-10,17.9258136745848,"Yes","CCNB1",891
"100128969_TGI_at",4.2653068393058,-1.62645248113798,7.38099943563527,1.86822644376649e-12,9.00149823200413e-10,17.831574529235,"Yes","DTL",51514
"100143300_TGI_at",3.83391627374228,-0.58282532168779,7.37561832249106,1.93231690845605e-12,9.19244734855638e-10,17.799244068432,"Yes","KIF18B",146909
"100133327_TGI_at",2.83392345171842,-2.39614952953772,7.35269062018035,2.23057827607347e-12,1.03493324409128e-09,17.6616660645289,"Yes","C5orf34",375444
"100123726_TGI_at",3.17263804129586,-1.17028735139596,7.31536463002409,2.81604474001998e-12,1.2750914869811e-09,17.4382986260723,"Yes","ZWINT",11130
"100126865_TGI_at",3.7585531753085,-0.104368118285173,7.29891465159872,3.11992780595711e-12,1.39587055718429e-09,17.340098133309,"Yes","CENPA",1058
"100133729_TGI_at",3.52659037585521,-0.132097746996912,7.29269715304417,3.24301603296604e-12,1.41719800640616e-09,17.3030202517063,"Yes","CDCA5",113130
"100129152_TGI_at",3.66867290190718,-0.685909344347719,7.2446127301481,4.37119091097526e-12,1.88825398639393e-09,17.0169835645228,"Yes","NCAPG",64151
"100131645_TGI_at",-2.31852598372709,-2.73115367740172,-7.2247559045002,4.94286402481792e-12,2.08722152562592e-09,16.8992326434619,"Yes","RP1-21O18.1",23254
"100121877_TGI_at",2.88403846715719,0.443613498375914,7.1725721741493,6.82034071206214e-12,2.76284914921526e-09,16.5908211578034,"Yes","C6orf173",387103
"100122892_TGI_at",2.66743805317241,-1.86800754853062,7.1721778250931,6.83691583409662e-12,2.76284914921526e-09,16.5884962586011,"Yes","AGBL3",340351
"100145996_TGI_at",-3.64334271381131,-3.25107876590426,-7.16059424882863,7.34189761942552e-12,2.93535315248138e-09,16.5202434468665,"Yes","CXCL14",9547
"100121783_TGI_at",3.85364887488757,-0.155972426437305,7.15641672933489,7.53288801230226e-12,2.98001049766677e-09,16.4956469688286,"Yes","CCNB2",9133
"100151858_TGI_at",-2.54364380338,-4.53542174966482,-7.15078454263623,7.79815169756896e-12,3.05281392810455e-09,16.4625010683766,"Yes","",79804
"100140787_TGI_at",-2.49219350271211,-1.47960077804815,-7.12344282861726,9.22245876362342e-12,3.57317984798449e-09,16.3018444402848,"Yes","ADAMTS13",11093
"100162321_TGI_at",2.30396603564587,-0.0018730865750084,7.11121258790299,9.93977577528655e-12,3.81180258353897e-09,16.2301164508676,"Yes","ITGB3BP",23421
"100137735_TGI_at",2.79159039881357,-1.35683026851007,7.04557053623451,1.48369463705291e-11,5.41361280094393e-09,15.8465769036831,"Yes","CDKN2C",1031
"100134785_TGI_at",-4.16278263485599,-2.4977320328341,-7.04106721777399,1.52489733656359e-11,5.51045112526279e-09,15.8203537588386,"Yes","VIPR1",7433
"100138665_TGI_at",-2.42913210099252,-1.64151964045897,-6.92535162553737,3.07037586834958e-11,1.07841930733004e-08,15.1505027470407,"Yes","PNRC1",10957
"100130580_TGI_at",4.42376013087644,0.0207650275034148,6.91133362045788,3.34030094518341e-11,1.16236287149892e-08,15.0698781992684,"Yes","CDKN2A",1029
"100137613_TGI_at",2.0437523778827,-0.401918802102528,6.90689643301004,3.43050926567796e-11,1.18280182773128e-08,15.044381405522,"Yes","RFX5",5993
"100133507_TGI_at",-3.49432292163744,-1.87755731446922,-6.85040048851022,4.81145180127634e-11,1.5861752771541e-08,14.7207461638964,"Yes","OIT3",170392
"100140426_TGI_at",-5.47974762529834,-3.44236025989193,-6.8319425678153,5.37156367238686e-11,1.75193919384918e-08,14.6154138679845,"Yes","FCN2",2220
"100161248_TGI_at",2.14950730549908,-0.27642826650172,6.83082362599688,5.40750748992882e-11,1.75193919384918e-08,14.6090349052818,"Yes","MSH2",4436
"100161966_TGI_at",3.50923925601749,-3.32683482475399,6.82846187616724,5.48415242647567e-11,1.76158475634025e-08,14.5955732408185,"Yes","CENPF",1063
"100143907_TGI_at",2.20416334801913,-0.665445319893541,6.8118713912048,6.05350510568844e-11,1.92799007527104e-08,14.5011018593532,"Yes","CKAP2",26586
"100145133_TGI_at",3.40956801330914,-1.90066648903546,6.80930412333278,6.1466535150098e-11,1.94120615463108e-08,14.4864974764789,"Yes","CENPE",1062
"100161934_TGI_at",-2.05617582455931,-5.11225035232721,-6.7880319269863,6.97468750813851e-11,2.16630335480051e-08,14.3656357913455,"Yes","MT1DP",326343
"100162032_TGI_at",-2.26804494533664,-1.81340158827342,-6.78041831929617,7.29694513511403e-11,2.24781796776931e-08,14.3224425507875,"Yes","CCL23",6368
"100124058_TGI_at",-3.28799561306113,-3.79405171369724,-6.76394437636706,8.04516676310009e-11,2.43833433299054e-08,14.2291003586138,"Yes","SYT9",143425
"100151667_TGI_at",3.25546680947656,-1.20944446248653,6.74875724220751,8.80148224519882e-11,2.62521671221478e-08,14.1431915570004,"Yes","TRIP13",9319
"100140868_TGI_at",2.90676548911626,-0.524504268864262,6.73914405599266,9.31589534748117e-11,2.7567714877877e-08,14.0888834943853,"Yes","KIF11",3832
"100147854_TGI_at",3.20625851522555,-0.452477661708294,6.73084176881613,9.7838609446707e-11,2.87263329705167e-08,14.0420253033124,"Yes","CDCA3",83461
"100161486_TGI_at",2.84159852470992,-1.24649341053107,6.72780413931266,9.96079039743443e-11,2.8795878824337e-08,14.0248911322182,"Yes","ECT2",1894
"100129506_TGI_at",3.7117303959574,-1.26776792197215,6.71540270798027,1.07163313913229e-10,3.07436004846335e-08,13.9549961204448,"Yes","NUF2",83540
"100136899_TGI_at",3.67562312003299,-1.14714151589814,6.67738176869117,1.34012696859768e-10,3.78681591983743e-08,13.7412805070268,"Yes","",100289612
"100160732_TGI_at",3.68701665290239,-1.22092332694039,6.66597035790593,1.4328996531818e-10,3.98898035302803e-08,13.6773058317971,"Yes","MKI67",4288
"100143104_TGI_at",-3.68051193940346,-3.11105537676808,-6.65127333609777,1.56172852259894e-10,4.28415192235864e-08,13.5950265683652,"Yes","CYP1A2",1544
"100152787_TGI_at",2.32712286604019,0.88522348234713,6.64816479367886,1.59040075833638e-10,4.33119139853607e-08,13.577640461862,"Yes","CASC5",57082
"100157618_TGI_at",2.02045575341729,-1.83944294504127,6.64250470615347,1.64394178113661e-10,4.44479280709899e-08,13.5459984801579,"Yes","ZNF792",126375
"100129042_TGI_at",-2.6882707172665,-1.86415363224801,-6.62312681461443,1.84100077442556e-10,4.9420350788901e-08,13.4378151548084,"Yes","MBNL2",10150
"100145615_TGI_at",3.04576011073206,0.51207421113616,6.61455034770106,1.93545766411666e-10,5.1224204178051e-08,13.3900066514322,"Yes","MCM2",4171
"100130799_TGI_at",3.4815944555672,-1.1772779055585,6.5669407190602,2.55304376140592e-10,6.70968466022078e-08,13.125423016226,"Yes","EXO1",9156
"100162758_TGI_at",2.09269212461438,0.542056531158645,6.5585945476113,2.67967060095585e-10,6.99356809202241e-08,13.0791823391114,"Yes","ACYP1",97
"100137600_TGI_at",-2.44545072585057,-2.78988463369566,-6.53699943648785,3.03662980245038e-10,7.78733661928445e-08,12.9597352388826,"Yes","GPR182",11318
"100158605_TGI_at",-2.65335276489864,-2.39189485522053,-6.5138836631142,3.47048180845991e-10,8.75353337755304e-08,12.8321931889171,"Yes","MBNL2",10150
"100152093_TGI_at",-2.12388340145388,-3.92386269027273,-6.49226450901845,3.93101019422104e-10,9.84901500794767e-08,12.7132055680263,"Yes","",114224
"100132741_TGI_at",2.92705213342162,-2.0535329440725,6.47013282856138,4.46449609905813e-10,1.08248188641808e-07,12.5916951843935,"Yes","KIF23",9493
"100135859_TGI_at",-3.6128499230809,-4.21686324824247,-6.43389903076189,5.4950851473584e-10,1.30013461507972e-07,12.3934129376806,"Yes","GPR182",11318
"100122593_TGI_at",-2.68449627323613,-5.05659060695767,-6.43372550684233,5.50054291409919e-10,1.30013461507972e-07,12.3924653202164,"Yes","MYOT",9499
"100121967_TGI_at",3.25977491461925,-1.53433636896646,6.416117732766,6.0829059398233e-10,1.42879856894025e-07,12.2964061929984,"Yes","CCNA2",890
"100157527_TGI_at",2.67885503294921,-1.01717653842882,6.41115226215306,6.25779284149008e-10,1.46074764328497e-07,12.2693519505766,"Yes","HJURP",55355
"100132449_TGI_at",-2.92641919727434,-3.54281092389088,-6.3856429587225,7.23698130248308e-10,1.65841604457268e-07,12.1306074621574,"Yes","ANGPTL6",83854
"100154691_TGI_at",3.35903079574812,-1.37964978391624,6.38427901237004,7.29337107020866e-10,1.66120891854898e-07,12.1232004327584,"Yes","BUB1B",701
"100156245_TGI_at",-2.22049525459125,-0.307385926396851,-6.35792610226513,8.47145718030995e-10,1.8838716198249e-07,11.9803172409651,"Yes","FAM59A",64762
"100161938_TGI_at",-3.90571966591857,-4.12268797964945,-6.3350383327962,9.64460309284733e-10,2.11966943529467e-07,11.8565752650414,"Yes","MT1B",4490
"100152224_TGI_at",2.38291993945709,-2.43089857024837,6.30783650422467,1.12471384040541e-09,2.43077991413501e-07,11.7099383933375,"Yes","SKA3",221150
"100142862_TGI_at",2.23962467884002,1.63334772003495,6.30772511203115,1.12542095966019e-09,2.43077991413501e-07,11.7093388715454,"Yes","NUSAP1",51203
"100143454_TGI_at",-2.09630456141979,-4.03443696670616,-6.29105466060692,1.23630803630819e-09,2.63993912616673e-07,11.61970560725,"Yes","EPHB1",2047
"100148141_TGI_at",2.70326010154747,0.213056885635003,6.28352115244461,1.28986686378421e-09,2.72335822891789e-07,11.5792573459727,"Yes","MAD2L1",4085
"100122618_TGI_at",2.95364709359437,-3.26323318390399,6.27392494380466,1.36139307271882e-09,2.85831700887814e-07,11.5277863236136,"Yes","CENPK",64105
"100154413_TGI_at",2.22413370415364,-0.335133705585084,6.22979397625975,1.74360259187369e-09,3.58076899496159e-07,11.2918355839275,"Yes","STIL",6491
"100129585_TGI_at",-3.59728593730346,-5.43253745123696,-6.21447557034471,1.8994339377473e-09,3.85862304045509e-07,11.2102245887159,"Yes","CCBE1",147372
"100157313_TGI_at",2.85175076943916,0.201122269644038,6.17625186827414,2.35021427794329e-09,4.72330229912645e-07,11.0072379640106,"Yes","HELLS",3070
"100157126_TGI_at",-2.47649823994894,-4.20017619339388,-6.12074957229762,3.19649651936888e-09,6.06720869651118e-07,10.7141682010724,"Yes","GSTM5",2949
"100134610_TGI_at",-4.15136479291156,-1.72348338725023,-6.09467627843947,3.69082082649616e-09,6.90091683091436e-07,10.5771813512512,"Yes","FCN3",8547
"100144250_TGI_at",-2.36224245480263,-3.70297502399201,-6.0883452604536,3.82171048789832e-09,7.11027344337597e-07,10.5439853892402,"Yes","FOSL1",8061
"100130530_TGI_at",-3.03496456930364,-0.8843921217064,-6.0721322765265,4.17796650737707e-09,7.63446797188154e-07,10.4590935070561,"Yes","ECM1",1893
"100158963_TGI_at",2.70709369324921,-1.18717022999938,6.06994531652202,4.22844306659185e-09,7.67697330090121e-07,10.447655608916,"Yes","CDC45L",8318
"100129795_TGI_at",-2.03561600334782,-4.90654407249022,-6.05530798228481,4.58198250784184e-09,8.23923763682833e-07,10.3711821017155,"Yes","SLC5A1",6523
"100149678_TGI_at",2.28837779538006,-1.5847775260794,6.03186612974108,5.2092717705734e-09,9.19130759068965e-07,10.2490008953027,"Yes","SGOL2",151246
"100154940_TGI_at",3.58486486047206,0.654901715458627,6.02916274563499,5.28680445080788e-09,9.24133418001218e-07,10.2349337549137,"Yes","IGSF3",3321
"100125004_TGI_at",-4.10451592398377,-4.13014348205813,-6.02714440585565,5.34542502304619e-09,9.30054459333898e-07,10.2244343897879,"Yes","RSPO3",84870
"100154465_TGI_at",2.8014135452924,-2.72238181750988,6.00887392893566,5.90582932711327e-09,1.01813246684207e-06,10.1295134514629,"Yes","",441441
"100127052_TGI_at",-3.27709096918205,-4.63719574272754,-5.98997410730448,6.54593163622507e-09,1.1081495619487e-06,10.0315539734165,"Yes","CDH19",28513
"100157051_TGI_at",2.48883441680078,-0.608043225997136,5.97675754989302,7.03336422983607e-09,1.17813108270123e-06,9.96319131281617,"Yes","RAD51",5888
"100142285_TGI_at",2.73233400110323,-0.828591100539025,5.96861159593531,7.35128333582784e-09,1.2224598687039e-06,9.92111383024824,"Yes","TCF19",6941
"100162617_TGI_at",2.76039295005471,0.18351737286407,5.9662198003879,7.44726911550668e-09,1.23296593788093e-06,9.90876747342439,"Yes","FOXM1",2305
"100144258_TGI_at",3.64105111742127,-3.19433647300241,5.94852336741191,8.19653731884647e-09,1.34516273151479e-06,9.81753684441645,"Yes","DEPDC1B",55789
"100140748_TGI_at",-2.50498646691217,-2.2368625829707,-5.94471265586445,8.36727359401539e-09,1.36721250526211e-06,9.79791859728063,"Yes","MT1P2",645745
"100130647_TGI_at",-4.06309673177535,-2.92659430497474,-5.93546465792571,8.79620977854884e-09,1.43107859695854e-06,9.75034826827941,"Yes","CRHBP",1393
"100147420_TGI_at",2.05582009718344,-0.865602841030954,5.925943752553,9.26024226297407e-09,1.48092946692379e-06,9.70143349770857,"Yes","ZNF250",58500
"100151453_TGI_at",-2.34758808343828,-5.17669324234247,-5.91789283288483,9.67123017238601e-09,1.54008433405971e-06,9.66011799493786,"Yes","AVPR1A",552
"100160651_TGI_at",2.19110629205315,0.24765363874886,5.91711066766524,9.71209587494416e-09,1.54008433405971e-06,9.65610639884019,"Yes","RNASEH2A",10535
"100135370_TGI_at",2.87855978118952,-0.623830861752448,5.90810897735273,1.01947249743536e-08,1.60308851040232e-06,9.60996755013658,"Yes","C16orf75",116028
"100146507_TGI_at",2.6545911131483,-1.9820873031947,5.89099945348178,1.11775093583506e-08,1.75030481960639e-06,9.52242034974207,"Yes","NCAPH",23397
"100149960_TGI_at",3.08737587812978,-2.79718336982518,5.88327517786632,1.16509718175499e-08,1.81343406813656e-06,9.48296029539126,"Yes","POLQ",10721
"100153497_TGI_at",-3.35367854227116,-4.30739992534831,-5.88285692565171,1.1677160462164e-08,1.81343406813656e-06,9.48082476036268,"Yes","CHST4",10164
"100162990_TGI_at",-3.46122283980197,-1.88665622880784,-5.88130853327666,1.17746137530462e-08,1.81931016328909e-06,9.47291991230268,"Yes","FOSB",2354
"100149543_TGI_at",2.28370363878522,0.943470967045781,5.87958019541602,1.18843311109879e-08,1.82300788495161e-06,9.46409830139841,"Yes","CAP2",10486
"100151447_TGI_at",-4.75387954401423,-2.69472149931995,-5.87735763641849,1.20268913480144e-08,1.83737654732145e-06,9.45275707378908,"Yes","PZP",5858
"100148210_TGI_at",-2.13740504466528,-3.56164164103337,-5.82694926907795,1.57479536158668e-08,2.34856981266471e-06,9.19642400413739,"Yes","IL1RL1",9173
"100162004_TGI_at",2.62160467356293,-3.16548195978727,5.79787110096757,1.83832467862317e-08,2.69874679968812e-06,9.04933557154819,"Yes","C12orf48",55010
"100127992_TGI_at",-2.89976740806121,-5.09964459858444,-5.76052603092672,2.24059905976148e-08,3.21397686503648e-06,8.86126893897347,"Yes","SLITRK2",84631
"100160163_TGI_at",2.97405838962847,-3.09116190042417,5.71247758743216,2.88628159188194e-08,4.01749017726322e-06,8.62069539330556,"Yes","KIF18A",81930
"100154932_TGI_at",3.18651680009419,-2.22868187470193,5.70164536807017,3.05519064802422e-08,4.17527908851077e-06,8.56667723204957,"Yes","CDCA2",157313
"100139571_TGI_at",2.22342259368164,-1.09461312334566,5.69706715074597,3.12944411332017e-08,4.2612597343043e-06,8.5438706945515,"Yes","TDRKH",11022
"100154049_TGI_at",-2.12533511916683,-3.43082238419258,-5.68953719999563,3.25541634563309e-08,4.38374452667928e-06,8.50639122432416,"Yes","GLP2R",9340
"100123332_TGI_at",2.57261818658795,-2.29607140259795,5.68891440127204,3.26605414153105e-08,4.38374452667928e-06,8.50329305450755,"Yes","KIFC1",3833
"100125902_TGI_at",3.16371440446758,-2.40063457549883,5.68712565671357,3.29679589817926e-08,4.40252589506731e-06,8.49439625797411,"Yes","HELLS",3070
"100134367_TGI_at",2.55115022940629,-0.855628941252268,5.68631827921657,3.31076392954074e-08,4.40252589506731e-06,8.49038126995248,"Yes","CAP2",10486
"100127511_TGI_at",3.96701528903034,-0.387725603993365,5.67316804332905,3.54656329261762e-08,4.6072866313956e-06,8.42504974477618,"Yes","ESM1",11082
"100129761_TGI_at",2.91719117705205,-1.79829679403494,5.62848173494885,4.47673074890036e-08,5.64578842299239e-06,8.20393300968995,"Yes","E2F7",144455
"100133601_TGI_at",2.66071227356462,-1.82973377499319,5.62491319769944,4.56050937017834e-08,5.73220946990108e-06,8.18633454499453,"Yes","KIF2C",11004
"100145059_TGI_at",2.23865825608034,-0.0262885252102925,5.62031197200015,4.67079076438727e-08,5.85125528357341e-06,8.16365630060493,"Yes","",541471
"100136078_TGI_at",2.81796574765831,-2.97953480600625,5.61068209792415,4.91007548292849e-08,6.13057996011357e-06,8.11624054116658,"Yes","SGOL1",151648
"100147508_TGI_at",3.11915037858516,1.37470633201545,5.60931786800027,4.94492588503393e-08,6.15364915931606e-06,8.10952850882655,"Yes","MDK",4192
"100122481_TGI_at",2.23741932622542,1.14300337134124,5.59832949049149,5.23456261957847e-08,6.4260793515717e-06,8.0555125259661,"Yes","ATAD2",29028
"100123538_TGI_at",2.04459633188979,-2.37434312607695,5.59168783660509,5.4175728869554e-08,6.6104942934272e-06,8.0229044770966,"Yes","C5orf54",63920
"100155449_TGI_at",-3.08314172500319,-1.60847273068316,-5.56571332678557,6.19506113998375e-08,7.43842772405334e-06,7.89567343167699,"Yes","LCAT",3931
"100153340_TGI_at",2.36974986919518,-2.31516555582,5.55338049334546,6.60128082624524e-08,7.87585193688726e-06,7.83542778894152,"Yes","EME1",146956
"100157742_TGI_at",2.74496373440196,-1.78938940325764,5.53947949294971,7.09028309807219e-08,8.24711856355687e-06,7.76764879485735,"Yes","ASF1B",55723
"100151096_TGI_at",-3.32410515084928,-4.31821091752903,-5.52521528798601,7.62868576439528e-08,8.79451743550624e-06,7.69823914189061,"Yes","SFRP1",6422
"100136813_TGI_at",2.90835821843939,-1.04368555529105,5.51660062304895,7.97291244128852e-08,9.13530473684467e-06,7.65638907835189,"Yes","MKI67",4288
"100155455_TGI_at",2.28416518641022,-0.310707758698066,5.50205185116672,8.58888615192676e-08,9.75188880246862e-06,7.58582912106581,"Yes","CDKN2B",1030
"100124874_TGI_at",-2.33797874220572,-3.2700736441074,-5.49625925693638,8.84682224129973e-08,9.9844226268026e-06,7.55777698099899,"Yes","CBFA2T3",863
"100131461_TGI_at",2.72967419527682,-1.69994996760061,5.49488301926347,8.90920398984116e-08,1.00015981581818e-05,7.5511156550956,"Yes","CDC25C",995
"100154764_TGI_at",-3.49366440199488,-5.20351411236816,-5.49420806180083,8.93995457814204e-08,1.00015981581818e-05,7.54784918236824,"Yes","CYP26A1",1592
"100146716_TGI_at",-3.25928813937391,-3.12011622703147,-5.49284143868996,9.00253366784123e-08,1.00395614333771e-05,7.54123635673546,"Yes","LIFR",3977
"100160987_TGI_at",-2.72466776148906,-0.336680517402932,-5.48614630120857,9.31532443422915e-08,1.03270950704189e-05,7.50885883286677,"Yes","TBXA2R",6915
"100125950_TGI_at",2.83705136285242,-2.10201297039301,5.48024689918514,9.59968682135645e-08,1.06110420623594e-05,7.48035557423683,"Yes","CHEK1",1111
"100142823_TGI_at",-4.12267947926209,-3.55479259597226,-5.45464547604159,1.09347172528771e-07,1.1877125543284e-05,7.35694481744697,"Yes","KCNN2",3781
"100147871_TGI_at",2.06768476111832,-1.51869550961422,5.44090780485983,1.17238665274923e-07,1.26611020642591e-05,7.29091338996815,"Yes","MCM8",84515
"100134855_TGI_at",2.76925990972816,-1.33616650306079,5.42851898757084,1.2482850784277e-07,1.32451913336297e-05,7.23147970760954,"Yes","CDC20",991
"100130290_TGI_at",-2.42201972084074,-4.97715606028466,-5.42043187781342,1.30038574462654e-07,1.36893829284467e-05,7.19274146839153,"Yes","",79804
"100136131_TGI_at",-2.14838265766092,-3.04210739404806,-5.41286045612052,1.35107748658792e-07,1.40265729560627e-05,7.15651542611935,"Yes","KCNK17",89822
"100128102_TGI_at",2.36527808219394,-1.93530487296642,5.39750584551183,1.459847456139e-07,1.49901604089115e-05,7.08317495048025,"Yes","PAQR4",124222
"100157886_TGI_at",2.69146123685118,-2.5381159359827,5.39446697352391,1.48236189217088e-07,1.51798704718164e-05,7.06867978182114,"Yes","HELLS",3070
"100128357_TGI_at",-2.00385834261623,0.24774846645385,-5.3773516113467,1.61561292702221e-07,1.62782748051873e-05,6.98716353105333,"Yes","EIF5",1983
"100140106_TGI_at",-2.8432792893362,-5.06679679592677,-5.36885212781137,1.68604284265547e-07,1.68523569448612e-05,6.94676006187822,"Yes","LRAT",9227
"100145126_TGI_at",-3.92034487568755,-1.10394421492894,-5.35402274642279,1.81613502196011e-07,1.79615753671855e-05,6.87638985596003,"Yes","MT1M",4499
"100130777_TGI_at",3.13477742241648,-3.49414929510574,5.34755241857154,1.87590675381214e-07,1.84073962458924e-05,6.84573523879907,"Yes","E2F8",79733
"100141719_TGI_at",-3.33449131329599,-3.23642512363937,-5.3396364816336,1.95163664945478e-07,1.91006272291171e-05,6.80827241142789,"Yes","CYP2C19",1557
"100141324_TGI_at",2.01622350436303,-0.598040828981333,5.33394107655924,2.00795250716639e-07,1.96007457465785e-05,6.7813461518976,"Yes","",81691
"100145758_TGI_at",-2.5306623628207,-3.10586688480551,-5.31918896323849,2.16126273045886e-07,2.0880353711081e-05,6.71171031271317,"Yes","CFP",5199
"100150956_TGI_at",2.32170575736371,-1.35735568440827,5.3139097753832,2.21884245252339e-07,2.13269915730778e-05,6.68682833626416,"Yes","AURKB",9212
"100137704_TGI_at",2.09336689488254,-1.92930666475671,5.29452965401558,2.44327555792642e-07,2.31292649919372e-05,6.59565704069795,"Yes","C6orf167",253714
"100144499_TGI_at",2.04736591455047,-2.04900304378379,5.28666569829626,2.54050224987435e-07,2.38692888886945e-05,6.55873904682931,"Yes","CENPH",64946
"100124563_TGI_at",-3.1132633211147,-2.88482911200555,-5.2692814902092,2.76895402512108e-07,2.56945259684199e-05,6.47728541057907,"Yes","MARCO",8685
"100150946_TGI_at",-3.75041275668146,-5.35129333190951,-5.25789606423272,2.92925482385032e-07,2.67381424388729e-05,6.42405710238982,"Yes","COL28A1",340267
"100146412_TGI_at",2.0714903383426,0.20666203306619,5.25776020732475,2.93122097940919e-07,2.67381424388729e-05,6.42342251892457,"Yes","GINS2",51659
"100129278_TGI_at",-2.67234486015789,-4.48574060997793,-5.25272167436585,3.0050517259927e-07,2.73452430911035e-05,6.39989709870006,"Yes","GABRP",2568
"100158086_TGI_at",-4.27447893706518,0.273022380804502,-5.25117039828444,3.028144185709e-07,2.74888199969361e-05,6.39265772560994,"Yes","HAMP",57817
"100135513_TGI_at",2.42606404649525,-1.81427172924693,5.23528282462071,3.27478689993524e-07,2.95139187705914e-05,6.31861499490076,"Yes","FAM111B",374393
"100126319_TGI_at",2.72125586864518,-0.47855698047718,5.23201726330903,3.32784539084394e-07,2.98489464149635e-05,6.30341874086111,"Yes","CDC6",990
"100148961_TGI_at",2.31350083893294,-0.57108281556847,5.2265645261175,3.41830609834576e-07,3.05873285209596e-05,6.27806170099133,"Yes","MCM6",4175
"100160184_TGI_at",-2.14052535128467,-4.70892905582231,-5.22481983558097,3.44775113923327e-07,3.07045932025272e-05,6.26995285895243,"Yes","HGF",3082
"100154474_TGI_at",-2.40044880681084,-3.71778313239959,-5.21028930039526,3.70273295218153e-07,3.26657534762644e-05,6.20250466133255,"Yes","EPHB1",2047
"100125569_TGI_at",2.00781131996359,-3.1846311551734,5.18463636536461,4.19824437056642e-07,3.61049015868712e-05,6.0838025445776,"Yes","PLK4",10733
"100146854_TGI_at",2.26909613976018,-2.07008298378291,5.18352889231889,4.22102488447107e-07,3.62179354356603e-05,6.07868878683517,"Yes","CKAP2L",150468
"100122516_TGI_at",2.75543390428964,-1.89518332078652,5.17067573870593,4.49434127454034e-07,3.82141026651075e-05,6.01940469709897,"Yes","ESCO2",157570
"100139011_TGI_at",2.16802468194983,-2.2979297169654,5.13825898193727,5.26210804921377e-07,4.42417325963203e-05,5.87042059360595,"Yes","TRAIP",10293
"100149199_TGI_at",-2.95387573465561,-0.83514259864293,-5.12774040664252,5.5375051776454e-07,4.60819025257258e-05,5.82224342892792,"Yes","MT1P3",140851
"100127418_TGI_at",-2.71930406728715,-2.40166672642391,-5.12756231480368,5.54228618530894e-07,4.60819025257258e-05,5.82142843060848,"Yes","NGFR",4804
"100144017_TGI_at",2.76648097926614,-1.52911849617622,5.11405899247074,5.91668461022927e-07,4.83393132655731e-05,5.75970115417605,"Yes","MLF1IP",79682
"100158040_TGI_at",2.5658616284016,-2.19402550623984,5.11170633468063,5.9843754034896e-07,4.86806918644905e-05,5.74896021273043,"Yes","CENPI",2491
"100149426_TGI_at",2.05296581390491,-3.08379883802006,5.08147716352451,6.9237858368416e-07,5.49052769915902e-05,5.61131233181265,"Yes","C11orf82",220042
"100125706_TGI_at",4.48351260098263,-0.170662477186294,5.07539958093291,7.12919493743864e-07,5.59351574402544e-05,5.58371938288169,"Yes","THBS4",7060
"100155052_TGI_at",2.34094854630917,-0.714492274912438,5.05966441818389,7.68881453020452e-07,5.90203559485848e-05,5.5124064078245,"Yes","LPL",4023
"100125234_TGI_at",2.01862787573608,-3.39807829092553,5.05103729230017,8.0134580765831e-07,6.10875824410033e-05,5.47338517960058,"Yes","KIF24",347240
"100159696_TGI_at",2.22932366193896,1.2694742920993,5.03092685544434,8.82259509122729e-07,6.61817901633741e-05,5.3826376108313,"Yes","C18orf56",494514
"100145969_TGI_at",-3.16923243476678,-2.06633801959195,-5.02737269005129,8.9735921816312e-07,6.66493164762972e-05,5.36663070846344,"Yes","SRPX",8406
"100142478_TGI_at",-2.33278269605525,-2.00446980623687,-5.00498476580446,9.98386354243328e-07,7.24350501258161e-05,5.26601750303599,"Yes","LIFR",3977
"100125256_TGI_at",2.07323941931886,-1.14826280483069,5.00312643682149,1.0072502181193e-06,7.29373366037757e-05,5.25768273994886,"Yes","FLVCR1",28982
"100149390_TGI_at",-2.28065165341952,-5.47744779647672,-5.00247094603571,1.01039491291376e-06,7.30243492637015e-05,5.25474342031241,"Yes","LRRC19",64922
"100144257_TGI_at",-2.85269306114809,-3.33736535625543,-4.99558036570268,1.04403244856309e-06,7.48794417593475e-05,5.22386434058887,"Yes","NCAM1",4684
"100131479_TGI_at",2.20899108084216,-1.01595435141869,4.98862248905889,1.07909703552974e-06,7.6808001494846e-05,5.19271950887733,"Yes","TRIM45",80263
"100125329_TGI_at",2.08915336807007,-0.677745658782846,4.97609842883597,1.1451050086214e-06,8.10458313258182e-05,5.13675014546591,"Yes","DNMT3B",1789
"100156323_TGI_at",2.07814295508917,0.0247004402051092,4.97312594372156,1.16133584671748e-06,8.20400823145422e-05,5.12348342392786,"Yes","FANCI",55215
"100126590_TGI_at",2.09413381640262,-1.50328308569901,4.96809633380281,1.18930752427902e-06,8.35449633223443e-05,5.1010503965493,"Yes","HIGD1B",51751
"100133262_TGI_at",-2.38846034172925,-0.306913990001982,-4.96622285996654,1.19989235019461e-06,8.41312580317424e-05,5.09269916544849,"Yes","",26084
"100144522_TGI_at",-2.38776596451218,-3.66505043184757,-4.9629484596181,1.21861138816882e-06,8.52404036041223e-05,5.07810942660062,"Yes","",400867
"100152174_TGI_at",-2.5659487002992,-0.509949185920867,-4.95666239511126,1.25534223435909e-06,8.70606350358241e-05,5.05012304930395,"Yes","LIFR",3977
"100146784_TGI_at",2.02731830115292,1.37095017481055,4.95592123485152,1.25974292174019e-06,8.71890579831301e-05,5.04682525173267,"Yes","KNTC1",9735
"100121973_TGI_at",2.79091117544698,-1.59443748223172,4.93153575007275,1.41314972908372e-06,9.61576869480302e-05,4.93855087668605,"Yes","RNFT2",84900
"100159372_TGI_at",-5.11870776786304,-2.38330851381487,-4.92724315127989,1.44196139211207e-06,9.76428703393795e-05,4.91953729970507,"Yes","CNDP1",84735
"100159615_TGI_at",-2.80897814368677,-3.09067541022478,-4.91652614516251,1.51639395726882e-06,0.000102152620563614,4.87212781282348,"Yes","GPR128",84873
"100156691_TGI_at",2.25153010160712,-0.549425592293406,4.91194855278523,1.54930650235202e-06,0.000104161067927359,4.85190388320709,"Yes","CCNE2",9134
"100154550_TGI_at",-2.57614073605284,-4.15627298628342,-4.88336092639251,1.7710206023872e-06,0.000116564792082164,4.72595901032938,"Yes","SFRP5",6425
"100161876_TGI_at",2.4263722477995,-2.35149859826175,4.87003583607146,1.88455640523754e-06,0.000123174606646326,4.66746443622113,"Yes","TRIM59",286827
"100160973_TGI_at",-3.40598763509909,-4.10283491627934,-4.86942729668632,1.88990588198129e-06,0.000123200149395214,4.66479626019487,"Yes","GPM6A",2823
"100159213_TGI_at",-3.36092273089327,-1.95110168018212,-4.85920953851952,1.98194831007912e-06,0.000127543803748962,4.6200376208368,"Yes","KBTBD11",9920
"100125172_TGI_at",2.05907567232616,-3.06526896956035,4.85389188932677,2.03154815780556e-06,0.000130512210028459,4.59677495634566,"Yes","C6orf167",253714
"100126566_TGI_at",2.11665994420093,-1.44784948253784,4.84602236213706,2.10715643036957e-06,0.000134483977620756,4.56238799497465,"Yes","E2F2",1870
"100153435_TGI_at",2.23401379003247,-0.000441901496289187,4.80350173694587,2.56507113073034e-06,0.000157774964378245,4.37739901955926,"Yes","GSTA4",2941
"100129018_TGI_at",-2.315914549025,-2.47284138744141,-4.76869139040873,3.01010944965112e-06,0.000181750220211573,4.22697568114388,"Yes","OXT",5020
"100137626_TGI_at",-2.65572569266808,-4.46846304556357,-4.75279688959993,3.23726428467116e-06,0.000192200420768581,4.15859880353427,"Yes","C8orf79",57604
"100158584_TGI_at",2.72184706664785,-3.17555526151076,4.75036493013484,3.27344698882353e-06,0.00019404208948575,4.14815370755078,"Yes","FBXO43",286151
"100148091_TGI_at",2.81731687817635,-2.38915066197528,4.74349863176388,3.37772101503619e-06,0.000197728210571792,4.11868780953025,"Yes","NEIL3",55247
"100146562_TGI_at",2.31215975343032,-0.441930726244393,4.73918446010973,3.44486806786489e-06,0.000200720979420928,4.10019248102877,"Yes","OLFML2B",25903
"100134186_TGI_at",2.03205238663852,-2.01049770442856,4.72324804250814,3.70424190029118e-06,0.000212863637762604,4.03199468454297,"Yes","OSBPL3",26031
"100129252_TGI_at",-3.49013627215028,-1.40309084884226,-4.72078754169055,3.74592918499578e-06,0.000214276271888145,4.02148261496559,"Yes","BCO2",83875
"100161476_TGI_at",-3.29987649854699,-0.175743964086549,-4.71846039055283,3.78577302026319e-06,0.00021557109340535,4.01154452505736,"Yes","MT1L",4500
"100151412_TGI_at",-2.73650041549309,-1.96439903367471,-4.71058015168563,3.9237488889001e-06,0.000222081823407596,3.97792280693007,"Yes","AADAT",51166
"100138450_TGI_at",2.6067821439441,0.236865662847848,4.70713998642829,3.98549119559643e-06,0.000225237188139707,3.96325997006096,"Yes","CCNE1",898
"100157846_TGI_at",-2.5481454725483,-1.58378305152853,-4.68709707367385,4.36425757408818e-06,0.00024227109032405,3.87801267988554,"Yes","C7orf58",79974
"100151577_TGI_at",-2.38987309462462,-0.952258085214754,-4.68113281638463,4.48350898671081e-06,0.000247429125900978,3.85270483981321,"Yes","MAN1C1",57134
"100142808_TGI_at",2.42602835392199,-2.69241833181011,4.68053989379141,4.49553415676987e-06,0.000247728980468805,3.85019041495179,"Yes","MCM10",55388
"100149369_TGI_at",-2.06777803001359,-4.96814562676356,-4.6748296382308,4.6129464118508e-06,0.000253085769416316,3.82598860165885,"Yes","SLC17A8",246213
"100155966_TGI_at",2.46244143255934,-0.784765831504568,4.66337028041441,4.85754374916776e-06,0.000260794584544604,3.77749603821309,"Yes","THY1",7070
"100145191_TGI_at",2.50811786403104,-2.89438216491803,4.63066340950518,5.62630738455337e-06,0.000295241672799313,3.63964716027779,"Yes","KIF15",56992
"100140768_TGI_at",-2.88847111398323,-3.25377824300384,-4.62600348844199,5.74494490729029e-06,0.000300705458921704,3.62007432805323,"Yes","KCNJ16",3773
"100147397_TGI_at",-4.08101738731614,-3.48421374108413,-4.60947825189537,6.18537596351097e-06,0.000317936795657505,3.55079961905147,"Yes","",728208
"100130734_TGI_at",-2.46070819057505,-1.30133807703459,-4.60144357005407,6.41108281858238e-06,0.000326613572697045,3.51719418814904,"Yes","JMJD5",79831
"100155069_TGI_at",-3.61122339245433,-4.03113467679424,-4.59816617136516,6.50540720392515e-06,0.000330203106792121,3.50350068320158,"Yes","DIRAS3",9077
"100125406_TGI_at",2.34096803613529,-1.64622890494928,4.59607187717519,6.56637907961693e-06,0.000332454540991352,3.49475474308002,"Yes","CCDC102B",79839
"100155978_TGI_at",-2.92659757266975,-4.0885248755157,-4.58774025511344,6.81442826922729e-06,0.00034010603348486,3.45999491688064,"Yes","ST6GAL2",84620
"100127259_TGI_at",2.24377977661917,1.54989762194423,4.57299682717623,7.27561713672245e-06,0.000359779267410925,3.39861688154146,"Yes","RBP7",116362
"100147529_TGI_at",-2.18726504539621,-4.69594184164758,-4.5676935999983,7.44873298753276e-06,0.000365656852121531,3.37658044697641,"Yes","RNF150",57484
"100141336_TGI_at",-2.29681617224705,-0.526171717036046,-4.56014730075946,7.70191225619728e-06,0.000374939464264775,3.34526111794829,"Yes","IL1RAP",3556
"100135573_TGI_at",-3.59747327463297,-2.39605547208852,-4.54228980760958,8.33440822927224e-06,0.000397997115721105,3.27132397424594,"Yes","ADCY1",107
"100137707_TGI_at",-2.3503999344278,-1.75507611607127,-4.54052809034173,8.39944450625418e-06,0.000400086088002592,3.26404323170704,"Yes","TTC36",143941
"100143799_TGI_at",-3.69700753530696,-3.57199947865045,-4.52114601723821,9.14792954377869e-06,0.00042760881606255,3.18410182145815,"Yes","",79804
"100129451_TGI_at",-3.57104919977524,-1.91593439041467,-4.50454145782387,9.83974391168046e-06,0.000453182911383303,3.11584973412982,"Yes","CDHR2",54825
"100148857_TGI_at",2.60721716673405,-0.963958286738761,4.5030152885598,9.90579340890399e-06,0.000455621403964023,3.10958732744405,"Yes","DNAJC6",9829
"100129441_TGI_at",-2.48975581694905,-4.10446098425834,-4.50255714764627,9.92570376491966e-06,0.000455621403964023,3.1077077707605,"Yes","NTRK2",4915
"100122931_TGI_at",2.39396657652093,-3.4213809650722,4.49598550671817,1.02155647687342e-05,0.000465923974682731,3.08076522008399,"Yes","GTSE1",51512
"100150002_TGI_at",-2.00278958266276,-0.105542800169597,-4.48803672309042,1.05770377456197e-05,0.000477773458374788,3.04822184464359,"Yes","",158257
"100146860_TGI_at",2.22482936960838,-2.96191521069034,4.48666063340097,1.06408500637044e-05,0.000479486671808611,3.04259298005731,"Yes","SHCBP1",79801
"100146287_TGI_at",3.5249693691204,-1.01019039701306,4.48639362165362,1.06532747315255e-05,0.000479486671808611,3.04150094638993,"Yes","CTHRC1",115908
"100153329_TGI_at",-2.85272187143396,-3.1889116837686,-4.46148332315525,1.18757296668796e-05,0.000522615541382516,2.93986807154097,"Yes","C2orf40",84417
"100148657_TGI_at",-3.20987458309745,-3.27965013432404,-4.45611813051238,1.21561037828832e-05,0.00053370407986953,2.91804213537415,"Yes","HAND2",9464
"100133900_TGI_at",3.63263814833253,3.38328248092311,4.45142615216376,1.24064934942091e-05,0.000542794922583662,2.89897343326541,"Yes","GPC3",2719
"100130620_TGI_at",-2.26519734357728,-4.75432413326056,-4.43329964506583,1.34211110839456e-05,0.000579761145697521,2.82546817341345,"Yes","TFPI2",7980
"100150135_TGI_at",-2.40604060861703,-4.58645615918465,-4.42823854903036,1.37183225315167e-05,0.000589777603705452,2.80499102817478,"Yes","GHR",2690
"100135519_TGI_at",-3.03264515586918,-1.64321544939958,-4.42344721384077,1.40055014953428e-05,0.000598130405906786,2.7856239474007,"Yes","LPA",4018
"100141353_TGI_at",-2.04629537592817,-3.31057552728678,-4.42126718032403,1.4138066557295e-05,0.000601594164881623,2.77681801788748,"Yes","NTF3",4908
"100161935_TGI_at",2.03926888165723,-2.01559798099436,4.42106147695977,1.41506370537852e-05,0.000601594164881623,2.77598730259139,"Yes","E2F1",1869
"100158678_TGI_at",-2.23733202249911,-2.47362326097603,-4.41400619297074,1.45883305336702e-05,0.000616020941703813,2.74751536617594,"Yes","MYOM2",9172
"100158754_TGI_at",2.23019390015765,-1.0650415006102,4.40114891144914,1.54195625390704e-05,0.000646040133047206,2.69573030685352,"Yes","TREM2",54209
"100151788_TGI_at",-2.31960247371345,-2.10968331647814,-4.40026736623712,1.54781882050763e-05,0.000647053692016884,2.69218450847023,"Yes","ABCA9",10350
"100138221_TGI_at",-2.30459464265989,-1.68904449687321,-4.3950715195709,1.5828093884613e-05,0.000658021487136645,2.67129798311323,"Yes","MRO",83876
"100142633_TGI_at",-2.31890542279877,-2.58821019212177,-4.39100227128686,1.61074117092187e-05,0.000664887131955505,2.65495512897779,"Yes","B3GAT1",27087
"100134069_TGI_at",2.51808796307424,-2.82139835424098,4.38930654752501,1.62251971898158e-05,0.000667881008529744,2.64814865711348,"Yes","PLXDC1",57125
"100129939_TGI_at",-2.13759903143929,-3.35271362565996,-4.37039526090537,1.75959771497694e-05,0.000711066680906059,2.57239491396187,"Yes","PROK2",60675
"100125255_TGI_at",-2.28459324238236,-4.36797646409214,-4.3677978516927,1.77927010640593e-05,0.000716106756102998,2.56201250388448,"Yes","PRKAR2B",5577
"100143185_TGI_at",-3.06246654922417,-4.0228676080534,-4.36441921058651,1.8051748778937e-05,0.000723263137110886,2.54851534869581,"Yes","SCN7A",6332
"100140305_TGI_at",-4.08543878557342,-2.19655303480888,-4.34227545077249,1.9841158665934e-05,0.000779174947735771,2.46027878680604,"Yes","FAM180A",389558
"100137227_TGI_at",-4.05382817393741,0.858992353735874,-4.32853903276525,2.10352445057392e-05,0.000815837522202984,2.40573900142085,"Yes","CYP1A2",1544
"100161695_TGI_at",-2.15648052337913,-3.51143064589588,-4.32507881250671,2.1346711059424e-05,0.000823667448701511,2.39202404694354,"Yes","SYN1",6853
"100140653_TGI_at",2.51759288112454,-0.27186722738356,4.29660566262187,2.40827180753502e-05,0.000902369601902105,2.27953007327865,"Yes","CELSR3",1951
"100153456_TGI_at",2.1117387707648,-0.434161262891762,4.28101367974961,2.57199689685696e-05,0.000955146120332788,2.21820229992302,"Yes","BLM",641
"100137103_TGI_at",2.93208764256426,-2.95328465781165,4.27592566813748,2.62768985367665e-05,0.000971986614969252,2.19823174786626,"Yes","ANKRD29",147463
"100129420_TGI_at",-3.44128218658126,-1.53717019779601,-4.27144012782208,2.67774297078628e-05,0.00098855536668065,2.18064309053479,"Yes","ADRA1A",148
"100147415_TGI_at",-3.21930351693817,0.720018190946628,-4.27024849114177,2.69119265633798e-05,0.000990162671541462,2.17597316409718,"Yes","MT1A",4489
"100127162_TGI_at",-2.62657577680369,-2.34035193996589,-4.20537605788761,3.52920553342941e-05,0.00122582811790521,1.92346260534424,"Yes","DPF3",8110
"100130641_TGI_at",-2.95016045928703,-2.05148902714091,-4.20277307012541,3.56755948297726e-05,0.00123686365764992,1.91340129800435,"Yes","NPY1R",4886
"100127325_TGI_at",-2.202874145808,-3.65947159771375,-4.19652878449039,3.6611954450658e-05,0.00125724331157629,1.88928757095293,"Yes","CLDN10",9071
"100151082_TGI_at",-2.73174720245491,-0.562595586255389,-4.18502975833363,3.83980027643334e-05,0.00129539833024163,1.84496372951053,"Yes","LY6E",4061
"100135919_TGI_at",-2.62330453633031,-1.99057054690048,-4.16817245261905,4.11672959033437e-05,0.00136673967724334,1.78017893173565,"Yes","DTX1",1840
"100128635_TGI_at",-2.09423648570697,-1.2029519572972,-4.16717396601946,4.1337166129248e-05,0.00136754698720898,1.77634882129082,"Yes","RBMS3",27303
"100143327_TGI_at",-2.41664379951944,-4.03616330878817,-4.15292614305134,4.38351646763785e-05,0.00143253318162405,1.72178321154154,"Yes","RANBP3L",202151
"100129799_TGI_at",-2.33757396726934,-4.37460918927369,-4.14224359590445,4.58018362197851e-05,0.00147247614098543,1.68097949444135,"Yes","DPPA4",55211
"100147920_TGI_at",-3.13859512253602,-2.54636127054027,-4.14156302036557,4.59299407669734e-05,0.00147533250761059,1.67838305811102,"Yes","EXPH5",23086
"100139438_TGI_at",-2.01687698687122,-4.20629266010027,-4.14121269393689,4.59960157298836e-05,0.0014761932221695,1.67704668817976,"Yes","SPG20",23111
"100126217_TGI_at",-2.4454936731446,-2.62212291929404,-4.1154533543003,5.11107542801016e-05,0.00161415493055023,1.57905673622161,"Yes","ATOH8",84913
"100122391_TGI_at",-2.57077884253969,1.6493825434865,-4.09951096876997,5.45430699597903e-05,0.00170393820052273,1.5186809332889,"Yes","MT1F",4494
"100147073_TGI_at",2.00638488595954,0.139743178939626,4.09698711847027,5.5106180349707e-05,0.00171955628384157,1.50914174426314,"Yes","PLA2G7",7941
"100159705_TGI_at",-2.68038963312017,-1.79673351729743,-4.07815275816223,5.94867231554285e-05,0.00181882332583176,1.43811878396172,"Yes","SLC4A4",8671
"100162235_TGI_at",2.50563709733671,-2.50208692611539,4.07786316859261,5.95565968441915e-05,0.00181882332583176,1.43702901883279,"Yes","CD109",135228
"100123645_TGI_at",-2.77783923438025,-0.374243491663792,-4.07721565693021,5.97131146586391e-05,0.00182154080771183,1.43459259121387,"Yes","INMT",11185
"100141923_TGI_at",-2.46808437132045,-0.79905037838882,-4.07036138735744,6.13941358125621e-05,0.00185774107255049,1.40882261353649,"Yes","LYVE1",10894
"100136977_TGI_at",-2.0187469795836,-1.12854336453623,-4.06966636240904,6.15670852722141e-05,0.00186147562244598,1.40621166937049,"Yes","IL18R1",8809
"100149474_TGI_at",2.02673940083549,-0.13272486191789,4.06908282126075,6.17126512518122e-05,0.00186295971049799,1.4040198316563,"Yes","TNFSF4",7292
"100136130_TGI_at",2.27493340628047,-3.44794801261969,4.0560427969346,6.50522755289599e-05,0.00193568440259884,1.35511269882129,"Yes","TROAP",10024
"100154453_TGI_at",-2.62284467021635,2.13473769382384,-4.05584927178657,6.51031101294485e-05,0.00193568440259884,1.35438792025555,"Yes","MT1X",4501
"100152324_TGI_at",-2.16520676208633,-0.552022103593559,-4.05146431547707,6.62651203158205e-05,0.00195938296751311,1.33797384787626,"Yes","NR4A3",8013
"100128573_TGI_at",-2.6691157506968,-3.30906141419926,-4.03116085418734,7.19075583233662e-05,0.00209166397593556,1.26217736525989,"Yes","GREM2",64388
"100160625_TGI_at",2.36860980651853,-0.959113279180919,4.02706699911108,7.30993135114963e-05,0.00211766878667033,1.24693511663149,"Yes","DTNA",1837
"100156496_TGI_at",2.46277163771613,-2.36254026765275,4.02579395793995,7.34737188525523e-05,0.00212406869378201,1.24219812397867,"Yes","LAIR2",3904
"100134038_TGI_at",3.28487875650914,0.100180845253813,4.00425396568885,8.00919240098914e-05,0.00227170919859603,1.16224899694398,"Yes","IGF2BP3",10643
"100131523_TGI_at",3.3370676529561,-1.48610483780445,3.98878303718907,8.51909279601424e-05,0.00239107203480065,1.10506099222102,"Yes","DTNA",1837
"100145439_TGI_at",-2.09550325345596,-2.22824787232343,-3.98103932296133,8.78575406956791e-05,0.00243859829721197,1.07651031398222,"Yes","IL1RN",3557
"100151680_TGI_at",-2.04600010765248,-4.558004295146,-3.95256940757838,9.8359047388789e-05,0.00268448055117318,0.971967204407551,"Yes","RNF165",494470
"100133413_TGI_at",-2.727818451663,-4.25042888226995,-3.94599220089294,0.000100949197407395,0.00274520458535796,0.947910255993463,"Yes","SCARA5",286133
"100132341_TGI_at",-2.38794699070962,-3.28884843029582,-3.94373392502181,0.000101853355559383,0.00276578960161325,0.939658557267602,"Yes","ITLN1",55600
"100130836_TGI_at",-4.05279489042989,-3.72372832816205,-3.93366821697934,0.00010597770815612,0.0028428652590459,0.90292980847932,"Yes","FREM2",341640
"100153378_TGI_at",2.03717141664239,-0.904712174074146,3.93071956968208,0.00010721559104043,0.00286788351778038,0.89218632791963,"Yes","CD163L1",283316
"100129945_TGI_at",-2.04675255335566,-2.7029681953776,-3.92607199587441,0.000109194595631749,0.00289608418703768,0.875267335170543,"Yes","PAMR1",25891
"100127386_TGI_at",-2.22807398555771,-3.58971961777459,-3.92459346757402,0.000109831405952333,0.00290467640528638,0.869888652219468,"Yes","PRELP",5549
"100123770_TGI_at",-3.38408874061823,-1.50022853157219,-3.92442311495372,0.000109905003680412,0.00290467640528638,0.869269048792248,"Yes","HGFAC",3083
"100128972_TGI_at",-2.78382401248157,-3.67906377875286,-3.92278173495491,0.000110616532722935,0.00291388081962342,0.86330027990644,"Yes","ODZ1",10178
"100152897_TGI_at",-2.55763525586329,-3.18762625595905,-3.91934718507337,0.000112119552583693,0.00294054883767468,0.850817970637895,"Yes","",100128178
"100130630_TGI_at",-2.15746013705294,-1.99145208721353,-3.91933936383644,0.000112122997296254,0.00294054883767468,0.850789556757255,"Yes","ANK3",288
"100123732_TGI_at",2.39436678048768,-1.17469123735668,3.91237191681285,0.000115231873467641,0.00300739185323674,0.825497508295419,"Yes","APLN",8862
"100145563_TGI_at",-2.5915759382205,-0.045336773741863,-3.89686459945123,0.000122447194682385,0.0031649315478359,0.769349608534426,"Yes","ALPL",249
"100143066_TGI_at",-2.32230608587983,-2.18964466331271,-3.89406033016606,0.000123796881805081,0.00318885155037599,0.759217343276768,"Yes","SMAD9",4093
"100131659_TGI_at",2.42856970798126,0.845664612167673,3.8625513906726,0.000139963841179045,0.00351241786736984,0.645818712934113,"Yes","COL15A1",1306
"100125703_TGI_at",-2.30798682978763,-3.21001281454216,-3.8464290341237,0.000148990363122159,0.00369861033508387,0.588114139763941,"Yes","LHX2",9355
"100132887_TGI_at",-2.25239204380843,0.237007304556526,-3.82112432312699,0.000164277154783947,0.00396568510146591,0.497980422645755,"Yes","STEAP4",79689
"100137169_TGI_at",-2.21712414130848,-4.02658411092952,-3.81990866502742,0.000165047675119194,0.0039812719681191,0.493663753948469,"Yes","FAM150B",285016
"100127472_TGI_at",-3.4324550579466,-2.00487051743258,-3.81966012139278,0.000165205629839676,0.00398252596576953,0.492781354397982,"Yes","NAT2",10
"100126644_TGI_at",-2.78523604869585,-1.88648675465718,-3.78730008841685,0.00018703800895933,0.00437772659946528,0.378334339828578,"Yes","SHBG",6462
"100141382_TGI_at",-3.65133351041301,-1.06262582149506,-3.77936782597161,0.00019279141691699,0.00447805131679502,0.350413954765054,"Yes","MFSD2A",84879
"100156883_TGI_at",-2.04889681521409,-3.45027178906154,-3.77778620577122,0.000193958412827558,0.00449404751595887,0.34485317798325,"Yes","WDR72",256764
"100125218_TGI_at",-2.12685828548496,-2.8002462072522,-3.77150659161411,0.000198657998911945,0.00459161433893525,0.322795496834273,"Yes","EGR3",1960
"100125753_TGI_at",-3.8176190829916,-1.1432773890212,-3.74833338997463,0.000216948111021704,0.00489396393062285,0.241683377616618,"Yes","DPT",1805
"100149346_TGI_at",-2.05373433118518,0.110012809810512,-3.74380832185716,0.000220700386350774,0.0049531888073214,0.225897005198556,"Yes","SOCS2",8835
"100134478_TGI_at",2.05288164436395,-3.76268215778656,3.73437733440454,0.000228718519455513,0.00509827959559733,0.193050814311365,"Yes","FDFT1",2222
"100131608_TGI_at",4.09160081083405,-0.636927994776631,3.71108777329459,0.00024971265614774,0.00545305115824773,0.112258041034153,"Yes","ZIC2",7546
"100122368_TGI_at",2.48975870810163,-1.92848232208715,3.70631613233714,0.000254232584671015,0.00553246612455477,0.0957612362648215,"Yes","DUXAP10",503639
"100161265_TGI_at",-2.60848657942429,-2.95147415435026,-3.70317325873491,0.000257251684705416,0.00556225525640686,0.0849059684923841,"Yes","PTGS2",5743
"100146158_TGI_at",-2.6576624649091,-1.04723459120691,-3.70302405300651,0.000257395851496262,0.00556225525640686,0.0843908289250388,"Yes","IGF1",3479
"100132613_TGI_at",-3.7084616179213,-3.21811454991031,-3.69455379202752,0.000265706103328927,0.0056963872078196,0.0551775980494469,"Yes","PROM1",8842
"100156680_TGI_at",-2.20082313198231,0.331644823328898,-3.69000407899707,0.000270273628635052,0.00578111753634749,0.0395109561227462,"Yes","EFHD1",80303
"100152776_TGI_at",2.11302769931663,-3.41392674809997,3.65158177809932,0.000311907029073253,0.00646557637431385,-0.0920975610259296,"Yes","ALG1L",200810
"100161301_TGI_at",-2.12781567399852,1.49791082692069,-3.65086325712915,0.00031274026971356,0.00647603867441223,-0.094546849916469,"Yes","CXCL2",2920
"100127959_TGI_at",-2.5218704840501,0.0646098591038647,-3.64333700511961,0.000321595003817692,0.00662619705782704,-0.120176052853432,"Yes","CXCL12",6387
"100145464_TGI_at",3.04986976279446,-2.68525620897363,3.62136627432229,0.000348812669957259,0.0070177075815491,-0.194718998365482,"Yes","",344887
"100147293_TGI_at",2.15230901250482,-1.63278914865837,3.61725298508737,0.000354143227983881,0.00709835242351478,-0.208629260054356,"Yes","STXBP6",29091
"100125790_TGI_at",-3.93646711435937,-1.20407283259962,-3.60686289953801,0.000367951234615579,0.00727424686971209,-0.243702434454408,"Yes","TCL1B",9623
"100128132_TGI_at",-2.35656265633182,-1.52939469092073,-3.60296366087359,0.000373262557423402,0.0073291292753847,-0.256841229555826,"Yes","OLFML3",56944
"100162747_TGI_at",-2.00296999178233,0.578481558166674,-3.59143295348106,0.000389393759607127,0.0075628921310362,-0.295619372436091,"Yes","ID1",3397
"100162763_TGI_at",-2.07033466340629,-4.80470674600409,-3.58685685526319,0.000395975359043706,0.00765139340141383,-0.31097764773788,"Yes","CADM2",253559
"100130436_TGI_at",-2.63870585844888,-0.380155667490331,-3.58503275324089,0.000398627900477684,0.00768662583671233,-0.317094730053569,"Yes","ESR1",2099
"100124290_TGI_at",-3.104311898574,-2.6180398990403,-3.58161693708858,0.000403640004755614,0.0077593855031844,-0.328541983195473,"Yes","EXPH5",23086
"100143129_TGI_at",-3.45539811222804,-3.19015653181272,-3.57955935011646,0.000406687652261174,0.00779405168142755,-0.335432685472284,"Yes","CHRNA4",1137
"100138418_TGI_at",-2.02007267100876,-1.08489895581016,-3.571466790328,0.000418885061228332,0.00797494345039675,-0.362499135784491,"Yes","PCK1",5105
"100152987_TGI_at",-3.45487322379064,-0.178748224006633,-3.56956949889467,0.000421794020291442,0.00801694083586832,-0.368836774749306,"Yes","APOF",319
"100125540_TGI_at",-2.67164081804375,-3.00123416579758,-3.56879100574221,0.000422993098158938,0.00802753056691795,-0.371436337161267,"Yes","SRD5A2",6716
"100125029_TGI_at",2.55460310765824,-3.07667854997699,3.55286501798038,0.000448236847783176,0.00836691655737623,-0.424503553902532,"Yes","TTC9",23508
"100155604_TGI_at",-2.67067719728056,-0.876167648755647,-3.55101913619113,0.000451252432504807,0.00841218696348991,-0.430640276737503,"Yes","MFAP3L",9848
"100142930_TGI_at",-3.70996231583162,-2.67818116659163,-3.53292050746144,0.000481845231473234,0.00879917759437662,-0.490656209699837,"Yes","GREM2",64388
"100121823_TGI_at",3.69144043975002,-0.166611871580371,3.52944177797081,0.000487943981766779,0.00888464666800343,-0.502159838186917,"Yes","SULT1C2",6819
"100134346_TGI_at",-2.82989402301227,-3.04728948137284,-3.5283210394693,0.000489924175001136,0.00891638273360421,-0.505863750284416,"Yes","PLCXD3",345557
"100139913_TGI_at",-2.04598323899163,-4.57195559155779,-3.52680235637757,0.000492619507345601,0.00894427970207484,-0.510881113018335,"Yes","SLCO4C1",353189
"100132199_TGI_at",3.47715221350021,-2.57078099770104,3.50616575916355,0.000530650377254689,0.00942036016910049,-0.578864227670886,"Yes","HOXA13",3209
"100162707_TGI_at",-2.52981369474425,-1.40558646384147,-3.50430257326908,0.000534216130861959,0.00946577587461298,-0.584984207137899,"Yes","TMEM27",57393
"100130092_TGI_at",-2.48424240599232,0.43529789062656,-3.50252658602443,0.000537635889806028,0.00947923077011013,-0.590815003298029,"Yes","CXCL12",6387
"100144606_TGI_at",3.28474546365999,-0.844240306708786,3.50167437765607,0.000539284134376136,0.00949291631762246,-0.593611956075242,"Yes","EPS8L3",79574
"100142994_TGI_at",-4.60520926384316,-1.85984365242895,-3.47013981210385,0.000603710352479181,0.0103648435207275,-0.696671509855803,"No","SLCO1B3",28234
"100122059_TGI_at",-3.09284377260355,-1.12599377584259,-3.46143691765446,0.000622719636941952,0.0105800404139026,-0.724963816014642,"No","SAMD5",389432
"100133722_TGI_at",-2.92395247220415,-3.34125166833526,-3.45464773718363,0.000637936125901997,0.0107704022837596,-0.746989701301398,"No","SLCO4C1",353189
"100135298_TGI_at",-2.40080682396616,0.119536903038663,-3.45061373844927,0.000647141442834378,0.0109013311091894,-0.760058316727771,"No","KMO",8564
"100143480_TGI_at",-2.78675978563366,-2.06338929522054,-3.44752513214036,0.000654273236394139,0.0109722877153791,-0.77005477783398,"No","CYP39A1",51302
"100156250_TGI_at",2.17039379873444,-0.392085497897504,3.43714853610087,0.000678775284440921,0.0112702472207089,-0.803579250339514,"No","LAMA3",3909
"100152833_TGI_at",2.52065385692332,-3.42487714823043,3.4211203246,0.000718313522812711,0.011778210651984,-0.855180933703239,"No","SIX4",51804
"100151999_TGI_at",2.34165551563785,-3.3215965493253,3.41344670216057,0.000737994969053338,0.0120431293647254,-0.879807374644341,"No","HIST1H4E",8367
"100127073_TGI_at",-2.64593048735852,-0.777845468696334,-3.41205501266912,0.000741617910145805,0.0120934171973311,-0.884268199715439,"No","FAM134B",54463
"100162156_TGI_at",-3.40764733541268,-0.935102158173534,-3.4082047176011,0.000751727985552668,0.0121616190930006,-0.896600978217047,"No","GREM2",64388
"100123719_TGI_at",2.50018538224039,-1.44816981442007,3.39568751276149,0.000785491767597533,0.0125671994933378,-0.936606251438392,"No","APOBEC3B",9582
"100138583_TGI_at",2.51023073818688,-0.483703913709804,3.39097689446133,0.000798560717435856,0.012727527091889,-0.951626517889287,"No","DTNA",1837
"100154982_TGI_at",2.83325863339379,-2.5273170770793,3.38674206628247,0.000810482568013,0.0128584475538848,-0.965113344869006,"No","CDCA7",83879
"100152512_TGI_at",-2.081426372777,-2.91975269823205,-3.38374156015739,0.000819029847443251,0.012960328305942,-0.974659812198392,"No","CILP",8483
"100132579_TGI_at",-2.81251294752697,-0.871213938075737,-3.37646791822831,0.000840099860703998,0.0132435540960477,-0.99776952199259,"No","C14orf68",283600
"100160459_TGI_at",2.35477629723538,-1.27876502426486,3.3629773396319,0.000880523122090704,0.0137241280283389,-1.04051064359769,"No","ULK4",54986
"100143514_TGI_at",-2.50497132497756,-4.48450448560644,-3.31947558688261,0.00102355729704588,0.0152848456978896,-1.17726157801079,"No","DCDC5",196296
"100132000_TGI_at",-2.46083535558785,-4.25414218204314,-3.3188172397964,0.00102587934542459,0.0153055170939844,-1.17931854938132,"No","DCDC5",196296
"100144076_TGI_at",-2.75444311966625,-2.66354786952626,-3.31171037526349,0.00105125988014333,0.0155587801392818,-1.20149964943533,"No","C7",730
"100138202_TGI_at",-2.95688303408592,-2.50858590068562,-3.30658794837336,0.00106991438092184,0.0157746262313866,-1.21745998651322,"No","C7",730
"100122440_TGI_at",2.00756877628787,-0.101883830532476,3.30225010465171,0.00108595191704856,0.0159043393960371,-1.23095793035288,"No","CAPG",822
"100127094_TGI_at",-2.98186846022264,-1.76959060180107,-3.29081857952915,0.00112929277243869,0.0163991812108928,-1.26645081463171,"No","SRD5A2",6716
"100127224_TGI_at",2.00260365224481,-1.10207926965951,3.274901599037,0.00119232164334849,0.0170185461452043,-1.31568111646474,"No","HIST1H2BG",8339
"100122546_TGI_at",-2.48488992909341,-3.37495959477886,-3.2721913379517,0.00120337405414807,0.017111314303062,-1.32404184645489,"No","FOLH1B",219595
"100150167_TGI_at",-3.11128644754982,-1.2838165287589,-3.26802457731307,0.00122055179797941,0.0172836389117039,-1.33688318270968,"No","HAO2",51179
"100148885_TGI_at",-2.2540238447695,-2.14118465810939,-3.25407514237721,0.00127973046778561,0.0178924220388091,-1.37976326934573,"No","GSPT2",23708
"100126227_TGI_at",-2.01422779243437,-2.48700198357974,-3.25336582746846,0.00128280965326345,0.0179164688616911,-1.38193915136197,"No","TREH",11181
"100154155_TGI_at",-2.19235171556742,-4.51372346010863,-3.2528461155417,0.00128507012225305,0.0179403808820631,-1.38353313233621,"No","CALCA",796
"100151383_TGI_at",-2.05020053839675,-4.36936014896914,-3.24799455721502,0.00130635085321937,0.0181431181691391,-1.39840173687166,"No","CFTR",1080
"100162916_TGI_at",-2.53442160654474,-3.53042741622011,-3.2420337504179,0.00133294479285791,0.0184349964636455,-1.41664177523492,"No","FAM9B",171483
"100123812_TGI_at",-2.31298015991372,-1.69999127275732,-3.23353901442762,0.00137171244402681,0.0188764910550771,-1.44258208441394,"No","PBLD",64081
"100153779_TGI_at",2.6420610780816,-2.88764741748019,3.23050963754628,0.00138578878046425,0.0190353486649881,-1.45181764136994,"No","ADAMDEC1",27299
"100129738_TGI_at",-2.38595124678216,0.375360687231401,-3.22699505544335,0.00140228746301834,0.0192058190361354,-1.46252239120214,"No","IGF1",3479
"100134188_TGI_at",-3.14260215031822,-1.94795661420596,-3.21832911792024,0.00144374963222971,0.0195721511827448,-1.48887111652747,"No","KCND3",3752
"100159801_TGI_at",-2.30899529505436,-2.99029977758888,-3.20667989948097,0.00150127664248591,0.0201072625723113,-1.52418712869924,"No","CES7",221223
"100138267_TGI_at",-2.44584712865562,-1.89754082695329,-3.2064252875187,0.00150255737450086,0.0201172466150663,-1.52495769123658,"No","FAM99A",387742
"100133985_TGI_at",2.38758615170272,-2.4341081664156,3.18348702692276,0.00162218186518344,0.021271751171432,-1.59414582739798,"No","CTSL2",1515
"100149875_TGI_at",-2.55457004739967,-0.83611020446595,-3.17505178437915,0.00166834567262119,0.0217320038482862,-1.61947303087492,"No","GFRA1",2674
"100156309_TGI_at",2.95124484087952,-1.25844010214865,3.16461112201021,0.00172716712824976,0.0222753586183536,-1.65073526468144,"No","SULT1C2",6819
"100155942_TGI_at",2.3363823431116,-2.41491438060341,3.12290853317515,0.00198175468549314,0.024616641249836,-1.77465041210106,"No","DYDC2",84332
"100127895_TGI_at",3.06942728203361,-2.04038447541048,3.12154384149208,0.00199064339388807,0.0246579960544171,-1.77867964360983,"No","SMPX",23676
"100161199_TGI_at",-2.51354186528165,-3.99596828563138,-3.11403257666531,0.00204022886236475,0.0251031448453663,-1.80082722081366,"No","IL13RA2",3598
"100127260_TGI_at",-2.17030145246036,-2.2489827599608,-3.08188491767173,0.00226559308042375,0.0271683213619928,-1.89505602560229,"No","CH25H",9023
"100130404_TGI_at",-2.21390591876376,-0.377774259221396,-3.07884080912709,0.00228808070573582,0.0273507153571767,-1.90393148765705,"No","DNASE1L3",1776
"100140595_TGI_at",2.31201556079837,-3.15432719095182,3.07087701138684,0.00234788730178958,0.0278970283199039,-1.92711222810962,"No","SEPT3",55964
"100160845_TGI_at",2.20125415787868,0.0448993177631938,3.06127029592022,0.00242194598480599,0.0284709333753452,-1.95500063630139,"No","LEF1",51176
"100141258_TGI_at",3.09043054785428,0.786226025510992,3.03700514058111,0.00261868199245658,0.0301205228725478,-2.02507966746452,"No","MUC13",56667
"100142841_TGI_at",-2.6376589925396,1.38891960722597,-3.02922071518183,0.0026848431347898,0.0305420837639915,-2.04745120171387,"No","C7",730
"100151474_TGI_at",2.77481671888822,-3.11469278203308,3.02307457484225,0.00273816147852697,0.0309676751989168,-2.06507661278456,"No","CA12",771
"100150696_TGI_at",-2.59332833225475,-3.6909586056424,-3.00876432319373,0.00286609388710887,0.0319245822363147,-2.10598480824178,"No","NRG1",3084
"100138104_TGI_at",-2.43253430342122,-0.760811726086267,-3.00642663662197,0.00288750653690671,0.0320585733146316,-2.11265022900349,"No","WDR72",256764
"100143106_TGI_at",-2.8261298391633,-0.77376908750411,-2.99874794093514,0.00295887895572705,0.0326868280170881,-2.13451032477838,"No","PTGIS",5740
"100135836_TGI_at",-2.01873846370254,0.221663334479811,-2.98990016432932,0.00304312268753911,0.0333527666500714,-2.15963378670782,"No","AR",367
"100131475_TGI_at",-2.04341430592687,-1.88722909861188,-2.98889695268152,0.00305281229690295,0.0334199801171589,-2.16247804543932,"No","",401081
"100138614_TGI_at",-3.17900298820962,0.242891615444422,-2.97666534073122,0.00317324935628299,0.0344398933830413,-2.1970847009515,"No","HSD17B13",345275
"100163165_TGI_at",-2.03598256826957,-0.918431196602033,-2.97009597181527,0.0032397165028684,0.0348768334605558,-2.21561645143137,"No","SLC4A4",8671
"100142645_TGI_at",-2.41276312851357,-0.11133678988372,-2.96811051351419,0.00326005441042672,0.0349965440973989,-2.22120975231877,"No","FAM134B",54463
"100135981_TGI_at",2.06115057140527,0.292902809380626,2.9677248763387,0.00326401819691928,0.0350280787768762,-2.22229573746965,"No","CXCL9",4283
"100152051_TGI_at",-2.93563750995601,-0.460855737135453,-2.9630924171046,0.00331197935765142,0.0353811279759112,-2.23533078474089,"No","PDGFRA",5156
"100142088_TGI_at",2.53930359378922,-1.97589026931333,2.94752921617144,0.00347787455381544,0.0366224380727072,-2.27898358754987,"No","MRAP2",112609
"100140854_TGI_at",2.16150163677352,-2.41341751950172,2.94331215613772,0.00352411727047304,0.0369153370243472,-2.29077480645875,"No","COLEC12",81035
"100122648_TGI_at",-2.02287353517731,-0.773318463263204,-2.93477151557561,0.00361949834583653,0.0376391773196537,-2.31460659362606,"No","PLIN1",5346
"100159027_TGI_at",2.65395583873953,0.644938535482304,2.92309946830373,0.00375366957095214,0.0386600191327825,-2.34707120340356,"No","NQO1",1728
"100133578_TGI_at",-2.29040968792965,-3.18840744592976,-2.88832689210657,0.00418076967993102,0.0417211062430078,-2.44306762126044,"No","PDZRN3",23024
"100155577_TGI_at",-2.39185039365715,-1.69238314145634,-2.88506474597679,0.00422303063960561,0.0420586229848694,-2.4520180351812,"No","UROC1",131669
"100154435_TGI_at",-2.02081286560409,-1.94465837346142,-2.87484720681901,0.00435793190463461,0.0429192339727406,-2.47999056854105,"No","SLC16A4",9122
"100122236_TGI_at",-2.35734293139097,-0.15629449732171,-2.8710540178408,0.00440900469188058,0.0432954694116729,-2.49035142282208,"No","ANXA10",11199
"100122982_TGI_at",-2.21371644938829,-2.68319956419699,-2.86416207250612,0.00450319813744877,0.0438216448476437,-2.50914340825466,"No","SULT1B1",27284
"100163188_TGI_at",-2.91544752523422,-1.31369995830705,-2.86293456075168,0.00452016582110383,0.0439412498418841,-2.5124859571538,"No","ADH4",127
"100161431_TGI_at",-2.4598612077319,-1.10422117467581,-2.84773273457729,0.00473517843933395,0.0454088992362972,-2.55376920805486,"No","MFAP4",4239
"100137836_TGI_at",2.1237629907544,-4.19632982530999,2.83710933570638,0.00489091542012065,0.046428487830001,-2.58249610634975,"No","ZIC5",85416
"100131799_TGI_at",-2.6973697751223,-2.41464881509643,-2.82765531757168,0.00503341190279451,0.0474621216523005,-2.60797582528768,"No","GLYAT",10249
"100129895_TGI_at",-2.04354264806753,-3.04131504484242,-2.82643142401135,0.00505213249257178,0.0475743531284973,-2.61126850847161,"No","",647309
"100157933_TGI_at",-2.36181582049743,-5.21726396954602,-2.81840637595746,0.00517645919097834,0.0484054962217835,-2.63282529193094,"No","ITGB8",3696
"100161895_TGI_at",-2.68735754782007,-2.21643263586883,-2.80694353929071,0.0053588688022919,0.0495441592442151,-2.6635164125933,"No","CFHR3",10878
